name;address;sex;pmid;title;year;jabbrv;coauthors_count;studies_count
Ahn YS;Department of Occupational and Environmental Medicine, Dongguk University, Ilsan Hospital, Goyang, Republic of Korea. ysahn@dongguk;NA;22628010;Cancer morbidity of professional emergency responders in Korea.;2012;Am J Ind Med;3;2
Ahn YS;Department of Occupational and Environmental Medicine, Dongguk University, Dongguk University Ilsan Hospital, Goyang, the Republic of Korea;NA;25756281;Mortality due to malignant and non-malignant diseases in Korean professional emergency responders.;2016;PLoS One;2;2
Ahrens W;The Institute of Environmental Medicine, Karolinska Institutet, Stockholm, Sweden (Drs Bigert, Gustavsson);NA;27820764;Lung Cancer Among Firefighters: Smoking-Adjusted Risk Estimates in a Pooled Analysis of Case-Control Studies.;2018;J Occup Environ Med;45;2
Ahrens W;Institute for Medical Informatics, Biometry and Epidemiology, University Hospital of Essen, Hufelandstr. Essen, Germany. andreas.stang@uni-essen;NA;12594776;Firefighting and risk of testicular cancer: results from a German population-based case-control study.;2003;Am J Ind Med;4;2
Akpinar-Elci M;Division of Cancer Epidemiology and Genetics, National Cancer Institute, Rockville, Maryland, USA. OElci@cdc;NA;15065312;Occupation and the risk of lung cancer by histologic types and morphologic distribution: a case control study in Turkey.;2004;Monaldi Arch Chest Dis;4;1
Alavanja M;Occupational and Environmental Epidemiology Branch, Division of Cancer Epidemiology and Genetics, National Cancer Institute, National Institutes of Health, Bethesda, MD, USA;NA;29132062;Risk of early-onset prostate cancer associated with occupation in the Nordic countries.;2017;Eur J Cancer;14;2
Alavanja M;Division of Cancer Epidemiology and Genetics, National Cancer Institute, Rockville, Maryland, USA. OElci@cdc;NA;15065312;Occupation and the risk of lung cancer by histologic types and morphologic distribution: a case control study in Turkey.;2004;Monaldi Arch Chest Dis;4;2
Aldrich T;Department of Medicine, Albert Einstein College of Medicine Montefiore Medical Center, Bronx, NY, USA;NA;21890054;Early assessment of cancer outcomes in New York City firefighters after the 9/11 attacks: an observational cohort study.;2011;Lancet;12;1
Allee S;SRA International, Cincinnati, Ohio, USA;NA;26163543;Creation of a retrospective job-exposure matrix using surrogate measures of exposure for a cohort of US career firefighters from San Francisco, Chicago and Philadelphia.;2015;Occup Environ Med;4;1
Amadeo B;Universit<U+00E9> de Bordeaux Segalen, Bordeaux, France;masculine;25708859;French firefighter mortality: analysis over a 30-year period.;2015;Am J Ind Med;9;1
Andersson T;Unit of Occupational Medicine, Institute of Environmental Medicine, Karolinska Institutet, Stockholm, Sweden;NA;29164319;Cancer incidence in Stockholm firefighters 1958-2012: an updated cohort study.;2018;Int Arch Occup Environ Health;7;1
Andreotti G;Occupational and Environmental Epidemiology Branch, Division of Cancer Epidemiology and Genetics, National Cancer Institute, National Institutes of Health, Bethesda, MD, USA;feminine;29132062;Risk of early-onset prostate cancer associated with occupation in the Nordic countries.;2017;Eur J Cancer;14;1
Arnold R;Institute of Environmental Science and Research Ltd., Kenepuru Science Centre, PO Box 50-348, Porirua, New Zealand. m_bates@uclink.berkeley;NA;11598972;Is testicular cancer an occupational disease of fire fighters?;2001;Am J Ind Med;6;1
Baris D;Division of Surveillance, Hazard Evaluations, and Field Studies, National Institute for Occupational Safety and Health, Cincinnati, Ohio, USA;NA;24142974;Mortality and cancer incidence in a pooled cohort of US firefighters from San Francisco, Chicago and Philadelphia (1950-2009).;2014;Occup Environ Med;10;3
Baris D;Division of Cancer Epidemiology and Genetics, National Cancer Institute, Rockville, Maryland 20892, USA. barisd@mail.nih;NA;11333408;Cohort mortality study of Philadelphia firefighters.;2001;Am J Ind Med;6;3
Baris D;Division of Cancer Epidemiology and Genetics, National Cancer Institute, Gaithersburg, Maryland, USA;NA;25673342;Exposure-response relationships for select cancer and non-cancer health outcomes in a cohort of U.S. firefighters from San Francisco, Chicago and Philadelphia (1950-2009).;2015;Occup Environ Med;11;3
Barry;Department of Epidemiology and Public Health, University of Maryland School of Medicine, Baltimore, MD, USA;feminine;29132062;Risk of early-onset prostate cancer associated with occupation in the Nordic countries.;2017;Eur J Cancer;14;1
Bates M;Division of Environmental Health Sciences, School of Public Health, University of California, Berkeley, California 94720-7360, USA. m_bates@berkeley;masculine;17427202;Registry-based case-control study of cancer in California firefighters.;2007;Am J Ind Med;1;1
BatesM;Institute of Environmental Science and Research Ltd., Kenepuru Science Centre, PO Box 50-348, Porirua, New Zealand. m_bates@uclink.berkeley;masculine;11598972;Is testicular cancer an occupational disease of fire fighters?;2001;Am J Ind Med;6;1
Baumgardt-Elms C;Institute for Medical Informatics, Biometry and Epidemiology, University Hospital of Essen, Hufelandstr. Essen, Germany. andreas.stang@uni-essen;feminine;12594776;Firefighting and risk of testicular cancer: results from a German population-based case-control study.;2003;Am J Ind Med;4;1
Beaumont J;Department of Public Health Sciences, University of California Davis, Davis, California, USA;masculine;31896615;Mortality in a cohort of US firefighters from San Francisco, Chicago and Philadelphia: an update.;2020;Occup Environ Med;9;3
Beaumont J;UC Davis Department of Public Health Sciences, University of California Davis, Davis, California, USA;masculine;25673342;Exposure-response relationships for select cancer and non-cancer health outcomes in a cohort of U.S. firefighters from San Francisco, Chicago and Philadelphia (1950-2009).;2015;Occup Environ Med;11;3
Beaumont J;Division of Surveillance, Hazard Evaluations, and Field Studies, National Institute for Occupational Safety and Health, Cincinnati, Ohio, USA;masculine;24142974;Mortality and cancer incidence in a pooled cohort of US firefighters from San Francisco, Chicago and Philadelphia (1950-2009).;2014;Occup Environ Med;10;3
Bencko V;The Institute of Environmental Medicine, Karolinska Institutet, Stockholm, Sweden (Drs Bigert, Gustavsson);masculine;27820764;Lung Cancer Among Firefighters: Smoking-Adjusted Risk Estimates in a Pooled Analysis of Case-Control Studies.;2018;J Occup Environ Med;45;1
Berndt S;Occupational and Environmental Epidemiology Branch, Division of Cancer Epidemiology and Genetics, National Cancer Institute, National Institutes of Health, Bethesda, MD, USA;feminine;29132062;Risk of early-onset prostate cancer associated with occupation in the Nordic countries.;2017;Eur J Cancer;14;1
Bertke S;Division of Surveillance, Hazard Evaluations, and Field Studies, National Institute for Occupational Safety and Health, Cincinnati, Ohio, USA;masculine;26163543;Creation of a retrospective job-exposure matrix using surrogate measures of exposure for a cohort of US career firefighters from San Francisco, Chicago and Philadelphia.;2015;Occup Environ Med;4;2
Bertke S;Division of Surveillance, Hazard Evaluations, and Field Studies, National Institute for Occupational Safety and Health, Cincinnati, Ohio, USA;masculine;25673342;Exposure-response relationships for select cancer and non-cancer health outcomes in a cohort of U.S. firefighters from San Francisco, Chicago and Philadelphia (1950-2009).;2015;Occup Environ Med;11;2
BertkeS;Division of Surveillance, Hazard Evaluations, and Field Studies, National Institute for Occupational Safety and Health, Cincinnati, Ohio, USA;masculine;31896615;Mortality in a cohort of US firefighters from San Francisco, Chicago and Philadelphia: an update.;2020;Occup Environ Med;9;1
Bigert C;The Institute of Environmental Medicine, Karolinska Institutet, Stockholm, Sweden (Drs Bigert, Gustavsson);feminine;27820764;Lung Cancer Among Firefighters: Smoking-Adjusted Risk Estimates in a Pooled Analysis of Case-Control Studies.;2018;J Occup Environ Med;45;3
Bigert C;Unit of Occupational Medicine, Institute of Environmental Medicine, Karolinska Institutet, Stockholm, Sweden;feminine;29164319;Cancer incidence in Stockholm firefighters 1958-2012: an updated cohort study.;2018;Int Arch Occup Environ Health;7;3
Bigert C;Institute of Environmental Medicine, Karolinska Institutet, Solnav<U+00E4>gen 4, 10th Floor, 113 65, Stockholm, Sweden. carolina.bigert@ki;feminine;31463517;Cancer incidence among Swedish firefighters: an extended follow-up of the NOCCA study.;2020;Int Arch Occup Environ Health;4;3
Blair A;Occupational and Environmental Epidemiology Branch, Division of Cancer Epidemiology and Genetics, National Cancer Institute, National Institutes of Health, Bethesda, MD, USA;masculine;29132062;Risk of early-onset prostate cancer associated with occupation in the Nordic countries.;2017;Eur J Cancer;14;1
Boffetta P;The Institute of Environmental Medicine, Karolinska Institutet, Stockholm, Sweden (Drs Bigert, Gustavsson);masculine;27820764;Lung Cancer Among Firefighters: Smoking-Adjusted Risk Estimates in a Pooled Analysis of Case-Control Studies.;2018;J Occup Environ Med;45;1
Bonde J;Department of Occupational and Environmental Medicine, Copenhagen University Hospital Bispebjerg, Copenhagen, Denmark;masculine;29808435;"Mortality in a cohort of Danish firefighters; 1970-2014.";2018;Int Arch Occup Environ Health;5;2
Bonde J;Department of Occupational and Environmental Medicine, Copenhagen University Hospital Bispebjerg, Copenhagen, Denmark;masculine;29055884;Long-term follow-up for cancer incidence in a cohort of Danish firefighters.;2019;Occup Environ Med;5;2
Br<U+00FC>ning T;The Institute of Environmental Medicine, Karolinska Institutet, Stockholm, Sweden (Drs Bigert, Gustavsson);masculine;27820764;Lung Cancer Among Firefighters: Smoking-Adjusted Risk Estimates in a Pooled Analysis of Case-Control Studies.;2018;J Occup Environ Med;45;1
Br<U+00FC>ske T;The Institute of Environmental Medicine, Karolinska Institutet, Stockholm, Sweden (Drs Bigert, Gustavsson);feminine;27820764;Lung Cancer Among Firefighters: Smoking-Adjusted Risk Estimates in a Pooled Analysis of Case-Control Studies.;2018;J Occup Environ Med;45;1
Brito J;Mayo Clinic, Division of Endocrinology, Diabetes, Metabolism, and Nutrition, Department of Medicine, Rochester, Minnesota;masculine;32310290;Evaluation of Medical Surveillance and Incidence of Post-September 11, 2001, Thyroid Cancer in World Trade Center-Exposed Firefighters and Emergency Medical Service Workers.;2021;JAMA Intern Med;11;1
Brocal F;Department of Physics, Systems Engineering and Signal Theory, University of Alicante, Alicante, Spain;masculine;32253442;Mortality Among Firefighters in Spain: 10 Years of Follow-up.;2021;Ann Work Expo Health;5;1
Brochard P;Universit<U+00E9> de Bordeaux Segalen, Bordeaux, France;masculine;25708859;French firefighter mortality: analysis over a 30-year period.;2015;Am J Ind Med;9;1
Butler A;Department of Epidemiology, Brown University School of Public Health, Providence, Rhode Island, USA;NA;32107319;Firefighter occupation is associated with increased risk for laryngeal and hypopharyngeal squamous cell carcinoma among men from the Greater Boston area.;2020;Occup Environ Med;5;1
C<U+00E9>n<U+00E9>e S;Centre for Research in Epidemiology and Population Health, U1018, Villejuif, France;feminine;23969505;Occupation and head and neck cancer risk in men: results from the ICARE study, a French population-based case-control study.;2014;J Occup Environ Med;15;1
Caban-Martinez A;Sylvester Comprehensive Cancer Center, University of Miami Miller School of Medicine, Miami, Florida;masculine;31930542;Cancer risk among career male and female Florida firefighters: Evidence from the Florida Firefighter Cancer Registry (1981-2014).;2020;Am J Ind Med;7;3
Caban-Martinez A;Sylvester Comprehensive Cancer Center, University of Miami Miller School of Medicine, Miami, FL, United States of America;masculine;31039169;Availability and accuracy of occupation in cancer registry data among Florida firefighters.;2020;PLoS One;8;3
Caban-Martinez A;Department of Public Health Sciences, University of Miami Miller School of Medicine, Miami, Florida, USA;masculine;33283309;Comparing cancer risk estimates using occupational record linkage approaches in male Florida firefighters.;2021;Am J Ind Med;6;3
Calvert G;Division of Surveillance, Hazard Evaluations and Field Studies, National Institute for Occupational Safety and Health, Centers for Disease Control and Prevention, Cincinnati, Ohio;masculine;25943908;Risk of cancer among firefighters in California, 1988-2007.;2016;Am J Ind Med;6;1
Caporaso N;The Institute of Environmental Medicine, Karolinska Institutet, Stockholm, Sweden (Drs Bigert, Gustavsson);NA;27820764;Lung Cancer Among Firefighters: Smoking-Adjusted Risk Estimates in a Pooled Analysis of Case-Control Studies.;2018;J Occup Environ Med;45;1
Carozza S;Touro University College of Osteopathic Medicine, Vallejo, California 94102, USA;feminine;12802217;Occupation and adult gliomas in the San Francisco Bay Area.;2003;J Occup Environ Med;6;2
Carozza S;Department of Epidemiology and Biostatistics, School of Rural Public Health, Texas A&amp;NA;11085395;Occupation and adult gliomas.;2000;Am J Epidemiol;8;2
Carton M;Centre for Research in Epidemiology and Population Health, U1018, Villejuif, France;masculine;23969505;Occupation and head and neck cancer risk in men: results from the ICARE study, a French population-based case-control study.;2014;J Occup Environ Med;15;1
Chew T;Touro University College of Osteopathic Medicine, Vallejo, California 94102, USA;feminine;12802217;Occupation and adult gliomas in the San Francisco Bay Area.;2003;J Occup Environ Med;6;1
Cohen H;Department of Medicine, Albert Einstein College of Medicine Montefiore Medical Center, Bronx, NY, USA;NA;21890054;Early assessment of cancer outcomes in New York City firefighters after the 9/11 attacks: an observational cohort study.;2011;Lancet;12;1
Colbeth H;Fire Department of the City of New York, Bureau of Health Services, Brooklyn, New York;NA;32310290;Evaluation of Medical Surveillance and Incidence of Post-September 11, 2001, Thyroid Cancer in World Trade Center-Exposed Firefighters and Emergency Medical Service Workers.;2021;JAMA Intern Med;11;1
Cole D;Dalla Lana School of Public Health, University of Toronto, Toronto, Ontario, Canada;masculine;29493883;Prostate cancer surveillance by occupation and industry: the Canadian Census Health and Environment Cohort (CanCHEC).;2019;Cancer Med;8;1
Cress R;Public Health Institute, Cancer Registry of Greater California, Sacramento, California;feminine;25943908;Risk of cancer among firefighters in California, 1988-2007.;2016;Am J Ind Med;6;1
Cyr D;Centre for Research in Epidemiology and Population Health, U1018, Villejuif, France;feminine;23969505;Occupation and head and neck cancer risk in men: results from the ICARE study, a French population-based case-control study.;2014;J Occup Environ Med;15;1
Dahm M;Division of Surveillance, Hazard Evaluations, and Field Studies, National Institute for Occupational Safety and Health, Cincinnati, Ohio, USA;masculine;26163543;Creation of a retrospective job-exposure matrix using surrogate measures of exposure for a cohort of US career firefighters from San Francisco, Chicago and Philadelphia.;2015;Occup Environ Med;4;4
Dahm M;Division of Surveillance, Hazard Evaluations, and Field Studies, National Institute for Occupational Safety and Health, Cincinnati, Ohio, USA;masculine;31896615;Mortality in a cohort of US firefighters from San Francisco, Chicago and Philadelphia: an update.;2020;Occup Environ Med;9;4
Dahm M;Division of Surveillance, Hazard Evaluations, and Field Studies, National Institute for Occupational Safety and Health, Cincinnati, Ohio, USA;masculine;24142974;Mortality and cancer incidence in a pooled cohort of US firefighters from San Francisco, Chicago and Philadelphia (1950-2009).;2014;Occup Environ Med;10;4
Dahm M;Division of Surveillance, Hazard Evaluations, and Field Studies, National Institute for Occupational Safety and Health, Cincinnati, Ohio, USA;masculine;25673342;Exposure-response relationships for select cancer and non-cancer health outcomes in a cohort of U.S. firefighters from San Francisco, Chicago and Philadelphia (1950-2009).;2015;Occup Environ Med;11;4
Daniels R;Education and Information Division, National Institute for Occupational Safety and Health (NIOSH), Cincinnati, Ohio, USA;masculine;31896615;Mortality in a cohort of US firefighters from San Francisco, Chicago and Philadelphia: an update.;2020;Occup Environ Med;9;5
Daniels R;Division of Surveillance, Hazard Evaluations, and Field Studies, National Institute for Occupational Safety and Health, Cincinnati, Ohio, USA;masculine;25673342;Exposure-response relationships for select cancer and non-cancer health outcomes in a cohort of U.S. firefighters from San Francisco, Chicago and Philadelphia (1950-2009).;2015;Occup Environ Med;11;5
Daniels R;Education and Information Division, National Institute for Occupational Safety and Health, Cincinnati, Ohio;masculine;27582474;Post-9/11 cancer incidence in World Trade Center-exposed New York City firefighters as compared to a pooled cohort of firefighters from San Francisco, Chicago and Philadelphia (9/11/2001-2009).;2018;Am J Ind Med;12;5
Daniels R;Division of Surveillance, Hazard Evaluations, and Field Studies, National Institute for Occupational Safety and Health, Cincinnati, Ohio, USA;masculine;24142974;Mortality and cancer incidence in a pooled cohort of US firefighters from San Francisco, Chicago and Philadelphia (1950-2009).;2014;Occup Environ Med;10;5
Daniels R;Division of Surveillance, Hazard Evaluations, and Field Studies, National Institute for Occupational Safety and Health, Cincinnati, Ohio, USA;masculine;26163543;Creation of a retrospective job-exposure matrix using surrogate measures of exposure for a cohort of US career firefighters from San Francisco, Chicago and Philadelphia.;2015;Occup Environ Med;4;5
Davis L;Department of Preventive and Occupational Medicine, Pusan National University School of Medicine, Busan, Korea;feminine;18306327;Cancer incidence among male Massachusetts firefighters, 1987-2003.;2008;Am J Ind Med;4;1
Deapen D;Public Health Institute, Cancer Registry of Greater California, Sacramento, California;masculine;25943908;Risk of cancer among firefighters in California, 1988-2007.;2016;Am J Ind Med;6;1
Del Monaco A;Department of Epidemiology &amp;masculine;28391245;Mortality and cancer incidence among male volunteer Australian firefighters.;2017;Occup Environ Med;5;4
Del Monaco A;Department of Epidemiology &amp;masculine;27456156;Mortality and cancer incidence in a cohort of male paid Australian firefighters.;2017;Occup Environ Med;5;4
Del Monaco A;Monash Centre for Occupational and Environmental Health (MonCOEH), School of Public Health &amp;masculine;27371948;Mortality and cancer incidence at a fire training college.;2017;Occup Med (Lond);5;4
Del Monaco A;Department of Epidemiology and Preventive Medicine, Monash University, Melbourne, Victoria, Australia;masculine;30674605;Mortality and cancer incidence among female Australian firefighters.;2020;Occup Environ Med;5;4
Demers P;Finnish Cancer Registry, Institute for Statistical and Epidemiological Cancer Research, Helsinki, Finland;masculine;24510539;Cancer incidence among firefighters: 45 years of follow-up in five Nordic countries.;2014;Occup Environ Med;8;6
Demers P;Department of Medicine, Albert Einstein College of Medicine Montefiore Medical Center, Bronx, NY, USA;masculine;21890054;Early assessment of cancer outcomes in New York City firefighters after the 9/11 attacks: an observational cohort study.;2011;Lancet;12;6
Demers P;Occupational Cancer Research Centre, Cancer Care Ontario, Toronto, Ontario, Canada;masculine;29493883;Prostate cancer surveillance by occupation and industry: the Canadian Census Health and Environment Cohort (CanCHEC).;2019;Cancer Med;8;6
Demers P;Occupational Cancer Research Centre, Cancer Care Ontario, Toronto, Ontario, Canada;masculine;31091061;Prostate cancer risk by occupation in the Occupational Disease Surveillance System (ODSS) in Ontario, Canada.;2019;Health Promot Chronic Dis Prev Can;5;6
Demers P;Dalla Lana School of Public Health, University of Toronto, Toronto, Ontario, Canada;masculine;30073696;Surveillance of cancer risks for firefighters, police, and armed forces among men in a Canadian census cohort.;2019;Am J Ind Med;6;6
Demers P;The Institute of Environmental Medicine, Karolinska Institutet, Stockholm, Sweden (Drs Bigert, Gustavsson);masculine;27820764;Lung Cancer Among Firefighters: Smoking-Adjusted Risk Estimates in a Pooled Analysis of Case-Control Studies.;2018;J Occup Environ Med;45;6
Donnadieu S;Universit<U+00E9> de Bordeaux Segalen, Bordeaux, France;NA;25708859;French firefighter mortality: analysis over a 30-year period.;2015;Am J Ind Med;9;1
Dosemeci M M;Division of Cancer Epidemiology and Genetics, National Cancer Institute, Rockville, Maryland, USA. OElci@cdc;NA;15065312;Occupation and the risk of lung cancer by histologic types and morphologic distribution: a case control study in Turkey.;2004;Monaldi Arch Chest Dis;4;1
Ebbeh<U+00F8>j N;Department of Occupational and Environmental Medicine, Copenhagen University Hospital Bispebjerg, Copenhagen, Denmark;NA;29808435;"Mortality in a cohort of Danish firefighters; 1970-2014.";2018;Int Arch Occup Environ Health;5;1
Ebbehoej N;Department of Occupational and Environmental Medicine, Copenhagen University Hospital Bispebjerg, Copenhagen, Denmark;NA;29055884;Long-term follow-up for cancer incidence in a cohort of Danish firefighters.;2019;Occup Environ Med;5;1
El Kawkgi O;Mayo Clinic, Division of Endocrinology, Diabetes, Metabolism, and Nutrition, Department of Medicine, Rochester, Minnesota;masculine;32310290;Evaluation of Medical Surveillance and Incidence of Post-September 11, 2001, Thyroid Cancer in World Trade Center-Exposed Firefighters and Emergency Medical Service Workers.;2021;JAMA Intern Med;11;1
Elci O;Division of Cancer Epidemiology and Genetics, National Cancer Institute, Rockville, Maryland, USA. OElci@cdc;NA;15065312;Occupation and the risk of lung cancer by histologic types and morphologic distribution: a case control study in Turkey.;2004;Monaldi Arch Chest Dis;4;1
Eliot M;Department of Epidemiology, Brown University School of Public Health, Providence, Rhode Island, USA;feminine;32107319;Firefighter occupation is associated with increased risk for laryngeal and hypopharyngeal squamous cell carcinoma among men from the Greater Boston area.;2020;Occup Environ Med;5;1
Erazo B;Preventive Medicine and Public Health Area, University of Alicante, Alicante, Spain;masculine;32253442;Mortality Among Firefighters in Spain: 10 Years of Follow-up.;2021;Ann Work Expo Health;5;1
F<U+00E9>votte J;Centre for Research in Epidemiology and Population Health, U1018, Villejuif, France;NA;23969505;Occupation and head and neck cancer risk in men: results from the ICARE study, a French population-based case-control study.;2014;J Occup Environ Med;15;1
Fabianova E;The Institute of Environmental Medicine, Karolinska Institutet, Stockholm, Sweden (Drs Bigert, Gustavsson);feminine;27820764;Lung Cancer Among Firefighters: Smoking-Adjusted Risk Estimates in a Pooled Analysis of Case-Control Studies.;2018;J Occup Environ Med;45;1
Fawcett J;Institute of Environmental Science and Research Ltd., Kenepuru Science Centre, PO Box 50-348, Porirua, New Zealand. m_bates@uclink.berkeley;NA;11598972;Is testicular cancer an occupational disease of fire fighters?;2001;Am J Ind Med;6;1
Felini M;Touro University College of Osteopathic Medicine, Vallejo, California 94102, USA;feminine;12802217;Occupation and adult gliomas in the San Francisco Bay Area.;2003;J Occup Environ Med;6;1
Field J;The Institute of Environmental Medicine, Karolinska Institutet, Stockholm, Sweden (Drs Bigert, Gustavsson);masculine;27820764;Lung Cancer Among Firefighters: Smoking-Adjusted Risk Estimates in a Pooled Analysis of Case-Control Studies.;2018;J Occup Environ Med;45;1
Fleming L;Department of Dermatology and Cutaneous Surgery, University of Miami School of Medicine, Miami, Florida, USA. fma@med.miami;feminine;15898094;Mortality in Florida professional firefighters, 1972 to 1999.;2005;Am J Ind Med;7;2
Fleming L;Department of Dermatology and Cutaneous Surgery, University of Miami School of Medicine, Miami, Florida, USA. fma@med.miami;feminine;16966954;Cancer incidence in Florida professional firefighters, 1981 to 1999.;2006;J Occup Environ Med;5;2
Foretova L;The Institute of Environmental Medicine, Karolinska Institutet, Stockholm, Sweden (Drs Bigert, Gustavsson);NA;27820764;Lung Cancer Among Firefighters: Smoking-Adjusted Risk Estimates in a Pooled Analysis of Case-Control Studies.;2018;J Occup Environ Med;45;1
Friesema I;Department of Epidemiology, Maastricht University, Maastricht, The Netherlands. mpa.zeegers@epid.unimaas;feminine;15091290;A prospective study of occupation and prostate cancer risk.;2004;J Occup Environ Med;4;1
Ga<U+00EB>lle C;Universit<U+00E9> de Bordeaux Segalen, Bordeaux, France;NA;25708859;French firefighter mortality: analysis over a 30-year period.;2015;Am J Ind Med;9;1
Gaertner R;Medical and Occupational Disease Policy Branch, Workplace Safety and Insurance Board, 200 Front Street West, Toronto, Ontario, Canada. reimar_gaertner@wsib;NA;15801485;A case-control study of occupational risk factors for bladder cancer in Canada.;2005;Cancer Causes Control;3;1
Gaf<U+00E0> L;Environmental and Cancer Epidemiology Unit, National Center for Epidemiology, Carlos III Institute of Health, Sinesio Delgado 6, 28029 Madrid, Spain. bsuarez@isciii;maculine;17655745;Occupation and skin cancer: the results of the HELIOS-I multicenter case-control study.;2007;BMC Public Health;11;1
Garrett N;Institute of Environmental Science and Research Ltd., Kenepuru Science Centre, PO Box 50-348, Porirua, New Zealand. m_bates@uclink.berkeley;NA;11598972;Is testicular cancer an occupational disease of fire fighters?;2001;Am J Ind Med;6;1
Garrity T;Division of Cancer Epidemiology and Genetics, National Cancer Institute, Rockville, Maryland 20892, USA. barisd@mail.nih;NA;11333408;Cohort mortality study of Philadelphia firefighters.;2001;Am J Ind Med;6;1
Genere N;Mayo Clinic, Division of Endocrinology, Diabetes, Metabolism, and Nutrition, Department of Medicine, Rochester, Minnesota;feminine;32310290;Evaluation of Medical Surveillance and Incidence of Post-September 11, 2001, Thyroid Cancer in World Trade Center-Exposed Firefighters and Emergency Medical Service Workers.;2021;JAMA Intern Med;11;1
Gerace T;Department of Dermatology and Cutaneous Surgery, University of Miami School of Medicine, Miami, Florida, USA. fma@med.miami;feminine;15898094;Mortality in Florida professional firefighters, 1972 to 1999.;2005;Am J Ind Med;7;2
Gerace T;Department of Dermatology and Cutaneous Surgery, University of Miami School of Medicine, Miami, Florida, USA. fma@med.miami;feminine;16966954;Cancer incidence in Florida professional firefighters, 1981 to 1999.;2006;J Occup Environ Med;5;2
Glass D;Department of Epidemiology and Preventive Medicine, Monash University, Melbourne, Victoria, Australia;feminine;30674605;Mortality and cancer incidence among female Australian firefighters.;2020;Occup Environ Med;5;4
Glass D;Department of Epidemiology &amp;feminine;28391245;Mortality and cancer incidence among male volunteer Australian firefighters.;2017;Occup Environ Med;5;4
Glass D;Monash Centre for Occupational and Environmental Health (MonCOEH), School of Public Health &amp;feminine;27371948;Mortality and cancer incidence at a fire training college.;2017;Occup Med (Lond);5;4
Glass D;Department of Epidemiology &amp;NA;27456156;Mortality and cancer incidence in a cohort of male paid Australian firefighters.;2017;Occup Environ Med;5;4
Goldbohm R;Department of Epidemiology, Maastricht University, Maastricht, The Netherlands. mpa.zeegers@epid.unimaas;feminine;15091290;A prospective study of occupation and prostate cancer risk.;2004;J Occup Environ Med;4;1
Goldfarb D;Fire Department of the City of New York, Bureau of Health Services, Brooklyn, New York;masculine;32310290;Evaluation of Medical Surveillance and Incidence of Post-September 11, 2001, Thyroid Cancer in World Trade Center-Exposed Firefighters and Emergency Medical Service Workers.;2021;JAMA Intern Med;11;1
Guida F;The Institute of Environmental Medicine, Karolinska Institutet, Stockholm, Sweden (Drs Bigert, Gustavsson);feminine;27820764;Lung Cancer Among Firefighters: Smoking-Adjusted Risk Estimates in a Pooled Analysis of Case-Control Studies.;2018;J Occup Environ Med;45;2
Guida F;Centre for Research in Epidemiology and Population Health, U1018, Villejuif, France;feminine;23969505;Occupation and head and neck cancer risk in men: results from the ICARE study, a French population-based case-control study.;2014;J Occup Environ Med;15;2
Guizard A;Centre for Research in Epidemiology and Population Health, U1018, Villejuif, France;feminine;23969505;Occupation and head and neck cancer risk in men: results from the ICARE study, a French population-based case-control study.;2014;J Occup Environ Med;15;1
Gustavsson P;Institute of Environmental Medicine, Karolinska Institutet, Solnav<U+00E4>gen 4, 10th Floor, 113 65, Stockholm, Sweden;NA;31463517;Cancer incidence among Swedish firefighters: an extended follow-up of the NOCCA study.;2020;Int Arch Occup Environ Health;4;4
Gustavsson P;Unit of Occupational Medicine, Institute of Environmental Medicine, Karolinska Institutet, Stockholm, Sweden;NA;29164319;Cancer incidence in Stockholm firefighters 1958-2012: an updated cohort study.;2018;Int Arch Occup Environ Health;7;4
Gustavsson P;Unit of Occupational Medicine, Institute of Environmental Medicine, Karolinska Institutet, Stockholm, Sweden;feminine;29164319;Cancer incidence in Stockholm firefighters 1958-2012: an updated cohort study.;2018;Int Arch Occup Environ Health;7;4
Gustavsson P;The Institute of Environmental Medicine, Karolinska Institutet, Stockholm, Sweden (Drs Bigert, Gustavsson);NA;27820764;Lung Cancer Among Firefighters: Smoking-Adjusted Risk Estimates in a Pooled Analysis of Case-Control Studies.;2018;J Occup Environ Med;45;4
Hales T;Division of Safety Research, National Institute for Occupational Safety and Health (NIOSH), Denver, Colorado, USA;masculine;31896615;Mortality in a cohort of US firefighters from San Francisco, Chicago and Philadelphia: an update.;2020;Occup Environ Med;9;3
Hales T;Division of Surveillance, Hazard Evaluations, and Field Studies, National Institute for Occupational Safety and Health, Cincinnati, Ohio, USA;masculine;25673342;Exposure-response relationships for select cancer and non-cancer health outcomes in a cohort of U.S. firefighters from San Francisco, Chicago and Philadelphia (1950-2009).;2015;Occup Environ Med;11;3
Hales T;Division of Surveillance, Hazard Evaluations, and Field Studies, National Institute for Occupational Safety and Health, Cincinnati, Ohio, USA;masculine;24142974;Mortality and cancer incidence in a pooled cohort of US firefighters from San Francisco, Chicago and Philadelphia (1950-2009).;2014;Occup Environ Med;10;3
Hall C;Division of Biostatistics, Department of Epidemiology and Population Health, Albert Einstein College of Medicine, Bronx, New York;masculine;27582474;Post-9/11 cancer incidence in World Trade Center-exposed New York City firefighters as compared to a pooled cohort of firefighters from San Francisco, Chicago and Philadelphia (9/11/2001-2009).;2018;Am J Ind Med;12;4
Hall C;Albert Einstein College of Medicine, Department of Epidemiology and Population Health, Bronx, New York;masculine;32310290;Evaluation of Medical Surveillance and Incidence of Post-September 11, 2001, Thyroid Cancer in World Trade Center-Exposed Firefighters and Emergency Medical Service Workers.;2021;JAMA Intern Med;11;4
Hall C;Department of Medicine, Albert Einstein College of Medicine Montefiore Medical Center, Bronx, NY, USA;masculine;21890054;Early assessment of cancer outcomes in New York City firefighters after the 9/11 attacks: an observational cohort study.;2011;Lancet;12;4
Hall C;Department of Epidemiology and Population Health, Montefiore Medical Center, Bronx, New York, USA Department of Epidemiology and Population Health, Albert Einstein College of Medicine, Bronx, New York, USA;masculine;25876606;World Trade Center-related physical and mental health burden among New York City Fire Department emergency medical service workers.;2016;Occup Environ Med;11;4
Hansen J;The Danish Cancer Society Research Center, The Danish Cancer Society, Copenhagen, Denmark;masculine;29055884;Long-term follow-up for cancer incidence in a cohort of Danish firefighters.;2019;Occup Environ Med;5;3
Hansen J;The Danish Cancer Society Research Center, The Danish Cancer Society, Strandboulevarden 49, 2100, Copenhagen, Denmark;masculine;29808435;"Mortality in a cohort of Danish firefighters; 1970-2014.";2018;Int Arch Occup Environ Health;5;3
Hansen J;Danish Cancer Society Research Center, Copenhagen, Denmark;masculine;29132062;Risk of early-onset prostate cancer associated with occupation in the Nordic countries.;2017;Eur J Cancer;14;3
Harris S;Occupational Cancer Research Centre, Cancer Care Ontario, Toronto, Ontario, Canada;feminine;29493883;Prostate cancer surveillance by occupation and industry: the Canadian Census Health and Environment Cohort (CanCHEC).;2019;Cancer Med;8;3
Harris S;Occupational Cancer Research Centre, Cancer Care Ontario, Toronto, Ontario, Canada;feminine;29493883;Prostate cancer surveillance by occupation and industry: the Canadian Census Health and Environment Cohort (CanCHEC).;2019;Cancer Med;8;3
Harris S;School of Occupational and Public Health, Ryerson University, Toronto, Ontario, Canada;feminine;30073696;Surveillance of cancer risks for firefighters, police, and armed forces among men in a Canadian census cohort.;2019;Am J Ind Med;6;3
Heineman E;Division of Cancer Epidemiology and Genetics, National Cancer Institute, Rockville, Maryland 20892, USA. barisd@mail.nih;NA;11333408;Cohort mortality study of Philadelphia firefighters.;2001;Am J Ind Med;6;1
Hernandez M;Florida Cancer Data System, Sylvester Comprehensive Cancer Center, University of Miami Miller School of Medicine, Miami, Florida, USA;feminine;33283309;Comparing cancer risk estimates using occupational record linkage approaches in male Florida firefighters.;2021;Am J Ind Med;6;3
Hernandez M;Florida Cancer Data System, Sylvester Comprehensive Cancer Center, University of Miami Miller School of Medicine, Miami, Florida;feminine;31930542;Cancer risk among career male and female Florida firefighters: Evidence from the Florida Firefighter Cancer Registry (1981-2014).;2020;Am J Ind Med;7;3
Hernandez M;Florida Cancer Data System, Sylvester Comprehensive Cancer Center, University of Miami Miller School of Medicine, Miami, FL, United States of America;feminine;31039169;Availability and accuracy of occupation in cancer registry data among Florida firefighters.;2020;PLoS One;8;3
Hoorn S;Statistical Consulting Centre, The University of Melbourne Australia, Melbourne, Victoria, Australia;NA;27456156;Mortality and cancer incidence in a cohort of male paid Australian firefighters.;2017;Occup Environ Med;5;1
Hunt P;Department of Preventive and Occupational Medicine, Pusan National University School of Medicine, Busan, Korea;masculine;18306327;Cancer incidence among male Massachusetts firefighters, 1987-2003.;2008;Am J Ind Med;4;1
Ide C;Salus Occupational Health, Safety &amp;NA;25006097;Cancer incidence and mortality in serving whole-time Scottish firefighters 1984-2005.;2015;Occup Med (Lond);1;1
Imbernon E;Universit<U+00E9> de Bordeaux Segalen, Bordeaux, France;feminine;25708859;French firefighter mortality: analysis over a 30-year period.;2015;Am J Ind Med;9;1
J<U+00F6>ckel K;Institute for Medical Informatics, Biometry and Epidemiology, University Hospital of Essen, Hufelandstr. Essen, Germany. andreas.stang@uni-essen;masculine;12594776;Firefighting and risk of testicular cancer: results from a German population-based case-control study.;2003;Am J Ind Med;4;2
J<U+00F6>ckel K;The Institute of Environmental Medicine, Karolinska Institutet, Stockholm, Sweden (Drs Bigert, Gustavsson);masculine;27820764;Lung Cancer Among Firefighters: Smoking-Adjusted Risk Estimates in a Pooled Analysis of Case-Control Studies.;2018;J Occup Environ Med;45;2
Jaber N;Department of Medicine, Albert Einstein College of Medicine Montefiore Medical Center, Bronx, NY, USA;feminine;21890054;Early assessment of cancer outcomes in New York City firefighters after the 9/11 attacks: an observational cohort study.;2011;Lancet;12;4
Jaber N;Fire Department of the City of New York, Bureau of Health Services, Brooklyn, New York;feminine;32310290;Evaluation of Medical Surveillance and Incidence of Post-September 11, 2001, Thyroid Cancer in World Trade Center-Exposed Firefighters and Emergency Medical Service Workers.;2021;JAMA Intern Med;11;4
Jaber N;Fire Department of the City of New York, Bureau of Health Services, Brooklyn, NY;feminine;26843681;Agreement Between Self-Reported and Confirmed Cancer Diagnoses in New York City Firefighters and EMS Workers, 2001-2011.;2016;Public Health Rep;9;4
Jaber N;Bureau of Health Services, Fire Department of the City of New York, Brooklyn, New York;feminine;27582474;Post-9/11 cancer incidence in World Trade Center-exposed New York City firefighters as compared to a pooled cohort of firefighters from San Francisco, Chicago and Philadelphia (9/11/2001-2009).;2018;Am J Ind Med;12;4
Janout V;The Institute of Environmental Medicine, Karolinska Institutet, Stockholm, Sweden (Drs Bigert, Gustavsson);masculine;27820764;Lung Cancer Among Firefighters: Smoking-Adjusted Risk Estimates in a Pooled Analysis of Case-Control Studies.;2018;J Occup Environ Med;45;1
Jeong K;Department of Occupational and Environmental Medicine, Dongguk University, Dongguk University Ilsan Hospital, Goyang, the Republic of Korea;NA;25756281;Mortality due to malignant and non-malignant diseases in Korean professional emergency responders.;2016;PLoS One;2;2
Jeong K;Department of Occupational and Environmental Medicine, Dongguk University, Ilsan Hospital, Goyang, Republic of Korea. ysahn@dongguk;NA;22628010;Cancer morbidity of professional emergency responders in Korea.;2012;Am J Ind Med;3;2
Johnson K;Medical and Occupational Disease Policy Branch, Workplace Safety and Insurance Board, 200 Front Street West, Toronto, Ontario, Canada. reimar_gaertner@wsib;masculine;15801485;A case-control study of occupational risk factors for bladder cancer in Canada.;2005;Cancer Causes Control;3;1
Kablanian A;Fire Department of the City of New York, Bureau of Health Services, Brooklyn, NY;feminine;26843681;Agreement Between Self-Reported and Confirmed Cancer Diagnoses in New York City Firefighters and EMS Workers, 2001-2011.;2016;Public Health Rep;9;2
Kablanian A;Fire Department of the City of New York, Bureau of Health Services, Brooklyn, New York, USA;feminine;25876606;World Trade Center-related physical and mental health burden among New York City Fire Department emergency medical service workers.;2016;Occup Environ Med;11;2
Kang D;Department of Preventive and Occupational Medicine, Pusan National University School of Medicine, Busan, Korea;NA;18306327;Cancer incidence among male Massachusetts firefighters, 1987-2003.;2008;Am J Ind Med;4;1
Kelly K;Fire Department of the City of New York, Bureau of Health Services, Brooklyn, New York, USA;feminine;25876606;World Trade Center-related physical and mental health burden among New York City Fire Department emergency medical service workers.;2016;Occup Environ Med;11;4
Kelly K;Department of Medicine, Albert Einstein College of Medicine Montefiore Medical Center, Bronx, NY, USA;feminine;21890054;Early assessment of cancer outcomes in New York City firefighters after the 9/11 attacks: an observational cohort study.;2011;Lancet;12;4
Kelly K;Bureau of Health Services, Fire Department of the City of New York, Brooklyn, New York;feminine;27582474;Post-9/11 cancer incidence in World Trade Center-exposed New York City firefighters as compared to a pooled cohort of firefighters from San Francisco, Chicago and Philadelphia (9/11/2001-2009).;2018;Am J Ind Med;12;4
Kelly K;Fire Department of the City of New York, Bureau of Health Services, Brooklyn, NY;feminine;26843681;Agreement Between Self-Reported and Confirmed Cancer Diagnoses in New York City Firefighters and EMS Workers, 2001-2011.;2016;Public Health Rep;9;4
Kelsey K;Department of Epidemiology, Brown University School of Public Health, Providence, Rhode Island, USA;masculine;32107319;Firefighter occupation is associated with increased risk for laryngeal and hypopharyngeal squamous cell carcinoma among men from the Greater Boston area.;2020;Occup Environ Med;5;1
Kendzia B;The Institute of Environmental Medicine, Karolinska Institutet, Stockholm, Sweden (Drs Bigert, Gustavsson);masculine;27820764;Lung Cancer Among Firefighters: Smoking-Adjusted Risk Estimates in a Pooled Analysis of Case-Control Studies.;2018;J Occup Environ Med;45;1
Kim K;Department of Occupational and Environmental Medicine, Dongguk University, Ilsan Hospital, Goyang, Republic of Korea. ysahn@dongguk;NA;22628010;Cancer morbidity of professional emergency responders in Korea.;2012;Am J Ind Med;3;1
Kirkham T;Dalla Lana School of Public Health, University of Toronto, Toronto, Ontario, Canada;feminine;30073696;Surveillance of cancer risks for firefighters, police, and armed forces among men in a Canadian census cohort.;2019;Am J Ind Med;6;1
Kirstine Ugelvig Petersen K;The Danish Cancer Society Research Center, The Danish Cancer Society, Copenhagen, Denmark;feminine;29055884;Long-term follow-up for cancer incidence in a cohort of Danish firefighters.;2019;Occup Environ Med;5;1
Kj<U+00E6>rheim K;Department of Research, Cancer Registry of Norway - Institute of Population-Based Cancer Research, Oslo, Norway;feminine;29132062;Risk of early-onset prostate cancer associated with occupation in the Nordic countries.;2017;Eur J Cancer;14;1
Kjaerheim K;Finnish Cancer Registry, Institute for Statistical and Epidemiological Cancer Research, Helsinki, Finland;feminine;24510539;Cancer incidence among firefighters: 45 years of follow-up in five Nordic countries.;2014;Occup Environ Med;8;1
Kobetz E;Sylvester Comprehensive Cancer Center, University of Miami Miller School of Medicine, Miami, Florida;NA;31930542;Cancer risk among career male and female Florida firefighters: Evidence from the Florida Firefighter Cancer Registry (1981-2014).;2020;Am J Ind Med;7;3
Kobetz E;Sylvester Comprehensive Cancer Center, University of Miami Miller School of Medicine, Miami, FL, United States of America;NA;31039169;Availability and accuracy of occupation in cancer registry data among Florida firefighters.;2020;PLoS One;8;3
Kobetz E;Department of Public Health Sciences, University of Miami Miller School of Medicine, Miami, Florida, USA;NA;33283309;Comparing cancer risk estimates using occupational record linkage approaches in male Florida firefighters.;2021;Am J Ind Med;6;3
Koru-Sengul T;Department of Public Health Sciences, University of Miami Miller School of Medicine, Miami, Florida, USA;NA;33283309;Comparing cancer risk estimates using occupational record linkage approaches in male Florida firefighters.;2021;Am J Ind Med;6;3
Koru-Sengul T;Sylvester Comprehensive Cancer Center, University of Miami Miller School of Medicine, Miami, Florida;NA;31930542;Cancer risk among career male and female Florida firefighters: Evidence from the Florida Firefighter Cancer Registry (1981-2014).;2020;Am J Ind Med;7;3
Koru-Sengul T;Sylvester Comprehensive Cancer Center, University of Miami Miller School of Medicine, Miami, FL, United States of America;NA;31039169;Availability and accuracy of occupation in cancer registry data among Florida firefighters.;2020;PLoS One;8;3
Koutros S;Occupational and Environmental Epidemiology Branch, Division of Cancer Epidemiology and Genetics, National Cancer Institute, National Institutes of Health, Bethesda, MD, USA;NA;29132062;Risk of early-onset prostate cancer associated with occupation in the Nordic countries.;2017;Eur J Cancer;14;1
Kriebel D;Department of Preventive and Occupational Medicine, Pusan National University School of Medicine, Busan, Korea;masculine;18306327;Cancer incidence among male Massachusetts firefighters, 1987-2003.;2008;Am J Ind Med;4;1
Krishnan G;Touro University College of Osteopathic Medicine, Vallejo, California 94102, USA;feminine;12802217;Occupation and adult gliomas in the San Francisco Bay Area.;2003;J Occup Environ Med;6;1
Kromhout H;The Institute of Environmental Medicine, Karolinska Institutet, Stockholm, Sweden (Drs Bigert, Gustavsson);masculine;27820764;Lung Cancer Among Firefighters: Smoking-Adjusted Risk Estimates in a Pooled Analysis of Case-Control Studies.;2018;J Occup Environ Med;45;1
Kubale T;Division of Surveillance, Hazard Evaluations, and Field Studies, National Institute for Occupational Safety and Health, Cincinnati, Ohio, USA;masculine;25673342;Exposure-response relationships for select cancer and non-cancer health outcomes in a cohort of U.S. firefighters from San Francisco, Chicago and Philadelphia (1950-2009).;2015;Occup Environ Med;11;3
Kubale T;Division of Surveillance, Hazard Evaluations, and Field Studies, National Institute for Occupational Safety and Health, Cincinnati, Ohio, USA;masculine;24142974;Mortality and cancer incidence in a pooled cohort of US firefighters from San Francisco, Chicago and Philadelphia (1950-2009).;2014;Occup Environ Med;10;3
Kubale T;World Trade Center Health Program, National Institute for Occupational Safety and Health (NIOSH), Washington, District of Columbia, USA;masculine;31896615;Mortality in a cohort of US firefighters from San Francisco, Chicago and Philadelphia: an update.;2020;Occup Environ Med;9;3
Kullberg C;Unit of Occupational Medicine, Institute of Environmental Medicine, Karolinska Institutet, Stockholm, Sweden. cecilia.kullberg@ki;feminine;29164319;Cancer incidence in Stockholm firefighters 1958-2012: an updated cohort study.;2018;Int Arch Occup Environ Health;7;1
L<U+00F3>pez-Abente G;Environmental and Cancer Epidemiology Unit, National Center for Epidemiology, Carlos III Institute of Health, Sinesio Delgado 6, 28029 Madrid, Spain. bsuarez@isciii;masculine;17655745;Occupation and skin cancer: the results of the HELIOS-I multicenter case-control study.;2007;BMC Public Health;11;1
Lai H;Department of Dermatology and Cutaneous Surgery, University of Miami School of Medicine, Miami, Florida, USA. fma@med.miami;masculine;15898094;Mortality in Florida professional firefighters, 1972 to 1999.;2005;Am J Ind Med;7;1
Lai S;Department of Dermatology and Cutaneous Surgery, University of Miami School of Medicine, Miami, Florida, USA. fma@med.miami;NA;15898094;Mortality in Florida professional firefighters, 1972 to 1999.;2005;Am J Ind Med;7;1
Landi M;The Institute of Environmental Medicine, Karolinska Institutet, Stockholm, Sweden (Drs Bigert, Gustavsson);feminine;27820764;Lung Cancer Among Firefighters: Smoking-Adjusted Risk Estimates in a Pooled Analysis of Case-Control Studies.;2018;J Occup Environ Med;45;1
Langevin S;Department of Environmental Health, University of Cincinnati College of Medicine, Cincinnati, Ohio, USA langevst@uc;masculine;32107319;Firefighter occupation is associated with increased risk for laryngeal and hypopharyngeal squamous cell carcinoma among men from the Greater Boston area.;2020;Occup Environ Med;5;1
Lavou<U+00E9> J;The Institute of Environmental Medicine, Karolinska Institutet, Stockholm, Sweden (Drs Bigert, Gustavsson);NA;27820764;Lung Cancer Among Firefighters: Smoking-Adjusted Risk Estimates in a Pooled Analysis of Case-Control Studies.;2018;J Occup Environ Med;45;1
Lee D;Department of Dermatology and Cutaneous Surgery, University of Miami School of Medicine, Miami, Florida, USA. fma@med.miami;masculine;16966954;Cancer incidence in Florida professional firefighters, 1981 to 1999.;2006;J Occup Environ Med;5;5
Lee D;Department of Dermatology and Cutaneous Surgery, University of Miami School of Medicine, Miami, Florida, USA. fma@med.miami;masculine;15898094;Mortality in Florida professional firefighters, 1972 to 1999.;2005;Am J Ind Med;7;5
Lee D;Sylvester Comprehensive Cancer Center, University of Miami Miller School of Medicine, Miami, FL, United States of America;masculine;31039169;Availability and accuracy of occupation in cancer registry data among Florida firefighters.;2020;PLoS One;8;5
Lee D;Department of Public Health Sciences, University of Miami Miller School of Medicine, Miami, Florida, USA;masculine;33283309;Comparing cancer risk estimates using occupational record linkage approaches in male Florida firefighters.;2021;Am J Ind Med;6;5
Lee D;Sylvester Comprehensive Cancer Center, University of Miami Miller School of Medicine, Miami, Florida;masculine;31930542;Cancer risk among career male and female Florida firefighters: Evidence from the Florida Firefighter Cancer Registry (1981-2014).;2020;Am J Ind Med;7;5
Lee M;Department of Epidemiology and Biostatistics, School of Rural Public Health, Texas A&amp;masculine;11085395;Occupation and adult gliomas.;2000;Am J Epidemiol;8;1
Lembeye C;Universit<U+00E9> de Bordeaux Segalen, Bordeaux, France;masculine;25708859;French firefighter mortality: analysis over a 30-year period.;2015;Am J Ind Med;9;1
Lissowska J;The Institute of Environmental Medicine, Karolinska Institutet, Stockholm, Sweden (Drs Bigert, Gustavsson);NA;27820764;Lung Cancer Among Firefighters: Smoking-Adjusted Risk Estimates in a Pooled Analysis of Case-Control Studies.;2018;J Occup Environ Med;45;1
Liu X;Fire Department of the City of New York, Bureau of Health Services, Brooklyn, New York, USA Department of Medicine, Montefiore Medical Center, Bronx, New York, USA;NA;25876606;World Trade Center-related physical and mental health burden among New York City Fire Department emergency medical service workers.;2016;Occup Environ Med;11;2
Liu X;Department of Medicine, Montefiore Medical Center, Bronx, New York;NA;27582474;Post-9/11 cancer incidence in World Trade Center-exposed New York City firefighters as compared to a pooled cohort of firefighters from San Francisco, Chicago and Philadelphia (9/11/2001-2009).;2018;Am J Ind Med;12;2
Liu Y;Fire Department of the City of New York, Bureau of Health Services, Brooklyn, NY;NA;26843681;Agreement Between Self-Reported and Confirmed Cancer Diagnoses in New York City Firefighters and EMS Workers, 2001-2011.;2016;Public Health Rep;9;1
Luce D;Centre for Research in Epidemiology and Population Health, U1018, Villejuif, France;NA;23969505;Occupation and head and neck cancer risk in men: results from the ICARE study, a French population-based case-control study.;2014;J Occup Environ Med;15;1
Luckhaupt S;Division of Surveillance, Hazard Evaluations and Field Studies, National Institute for Occupational Safety and Health, Centers for Disease Control and Prevention, Cincinnati, Ohio;feminine;25943908;Risk of cancer among firefighters in California, 1988-2007.;2016;Am J Ind Med;6;1
Lynge E;University of Copenhagen, Copenhagen, Denmark;feminine;29132062;Risk of early-onset prostate cancer associated with occupation in the Nordic countries.;2017;Eur J Cancer;14;2
Lynge E;Finnish Cancer Registry, Institute for Statistical and Epidemiological Cancer Research, Helsinki, Finland;feminine;24510539;Cancer incidence among firefighters: 45 years of follow-up in five Nordic countries.;2014;Occup Environ Med;8;2
Ma F;Department of Dermatology and Cutaneous Surgery, University of Miami School of Medicine, Miami, Florida, USA. fma@med.miami;NA;16966954;Cancer incidence in Florida professional firefighters, 1981 to 1999.;2006;J Occup Environ Med;5;2
Ma F;Department of Dermatology and Cutaneous Surgery, University of Miami School of Medicine, Miami, Florida, USA. fma@med.miami;NA;15898094;Mortality in Florida professional firefighters, 1972 to 1999.;2005;Am J Ind Med;7;2
Mackinnon J;Florida Cancer Data System, Sylvester Comprehensive Cancer Center, University of Miami Miller School of Medicine, Miami, FL, United States of America;NA;31039169;Availability and accuracy of occupation in cancer registry data among Florida firefighters.;2020;PLoS One;8;1
Mackinnon j;Florida Cancer Data System, Sylvester Comprehensive Cancer Center, University of Miami Miller School of Medicine, Miami, Florida;NA;31930542;Cancer risk among career male and female Florida firefighters: Evidence from the Florida Firefighter Cancer Registry (1981-2014).;2020;Am J Ind Med;7;1
MacLeod  J;Occupational Cancer Research Centre, Cancer Care Ontario, Toronto, Ontario, Canada;NA;29493883;Prostate cancer surveillance by occupation and industry: the Canadian Census Health and Environment Cohort (CanCHEC).;2019;Cancer Med;8;1
MacLeod J;Occupational Cancer Research Centre, Cancer Care Ontario, Toronto, Ontario, Canada;NA;31091061;Prostate cancer risk by occupation in the Occupational Disease Surveillance System (ODSS) in Ontario, Canada.;2019;Health Promot Chronic Dis Prev Can;5;2
MacLeod J;Occupational Cancer Research Centre, Cancer Care Ontario, Toronto, Ontario, Canada;NA;30073696;Surveillance of cancer risks for firefighters, police, and armed forces among men in a Canadian census cohort.;2019;Am J Ind Med;6;2
Marchand J;Universit<U+00E9> de Bordeaux Segalen, Bordeaux, France;masculine;25708859;French firefighter mortality: analysis over a 30-year period.;2015;Am J Ind Med;9;1
Mart<U+00ED>nez C;Environmental and Cancer Epidemiology Unit, National Center for Epidemiology, Carlos III Institute of Health, Sinesio Delgado 6, 28029 Madrid, Spain. bsuarez@isciii;feminine;17655745;Occupation and skin cancer: the results of the HELIOS-I multicenter case-control study.;2007;BMC Public Health;11;1
Martinsen J;Department of Research, Cancer Registry of Norway - Institute of Population-Based Cancer Research, Oslo, Norway;masculine;29132062;Risk of early-onset prostate cancer associated with occupation in the Nordic countries.;2017;Eur J Cancer;14;3
Martinsen J;Finnish Cancer Registry, Institute for Statistical and Epidemiological Cancer Research, Helsinki, Finland;masculine;24510539;Cancer incidence among firefighters: 45 years of follow-up in five Nordic countries.;2014;Occup Environ Med;8;3
Martinsen J;Department of Research, Cancer Registry of Norway, 0304, Oslo, Norway;masculine;31463517;Cancer incidence among Swedish firefighters: an extended follow-up of the NOCCA study.;2020;Int Arch Occup Environ Health;4;3
Mayerson E;Fire Department of the City of New York, Bureau of Health Services, Brooklyn, NY;masculine;26843681;Agreement Between Self-Reported and Confirmed Cancer Diagnoses in New York City Firefighters and EMS Workers, 2001-2011.;2016;Public Health Rep;9;1
McClean M;Deparment of Environmental Health, Boston University School of Public Health, Boston, Massachusetts, USA;masculine;32107319;Firefighter occupation is associated with increased risk for laryngeal and hypopharyngeal squamous cell carcinoma among men from the Greater Boston area.;2020;Occup Environ Med;5;1
McClure L;Sylvester Comprehensive Cancer Center, University of Miami Miller School of Medicine, Miami, FL, United States of America;feminine;31039169;Availability and accuracy of occupation in cancer registry data among Florida firefighters.;2020;PLoS One;8;3
McClure L;Department of Public Health Sciences, University of Miami Miller School of Medicine, Miami, Florida, USA;feminine;33283309;Comparing cancer risk estimates using occupational record linkage approaches in male Florida firefighters.;2021;Am J Ind Med;6;3
McClure L;Sylvester Comprehensive Cancer Center, University of Miami Miller School of Medicine, Miami, Florida;feminine;31930542;Cancer risk among career male and female Florida firefighters: Evidence from the Florida Firefighter Cancer Registry (1981-2014).;2020;Am J Ind Med;7;3
McLaughlin J;The Institute of Environmental Medicine, Karolinska Institutet, Stockholm, Sweden (Drs Bigert, Gustavsson);masculine;27820764;Lung Cancer Among Firefighters: Smoking-Adjusted Risk Estimates in a Pooled Analysis of Case-Control Studies.;2018;J Occup Environ Med;45;1
McLeod C;School of Population and Public Health, University of British Columbia, Vancouver, British Columbia, Canada;maculine;31091061;Prostate cancer risk by occupation in the Occupational Disease Surveillance System (ODSS) in Ontario, Canada.;2019;Health Promot Chronic Dis Prev Can;5;1
Menvielle G;Centre for Research in Epidemiology and Population Health, U1018, Villejuif, France;masculine;23969505;Occupation and head and neck cancer risk in men: results from the ICARE study, a French population-based case-control study.;2014;J Occup Environ Med;15;1
Miike R;Department of Epidemiology and Biostatistics, School of Rural Public Health, Texas A&amp;NA;11085395;Occupation and adult gliomas.;2000;Am J Epidemiol;8;2
Miike R;Touro University College of Osteopathic Medicine, Vallejo, California 94102, USA;NA;12802217;Occupation and adult gliomas in the San Francisco Bay Area.;2003;J Occup Environ Med;6;2
Mirabelli D;The Institute of Environmental Medicine, Karolinska Institutet, Stockholm, Sweden (Drs Bigert, Gustavsson);masculine;27820764;Lung Cancer Among Firefighters: Smoking-Adjusted Risk Estimates in a Pooled Analysis of Case-Control Studies.;2018;J Occup Environ Med;45;1
Moffatt S;National Institute for Public Safety Health, Indianapolis, Indiana;masculine;30421827;Excess mortality among Indiana firefighters, 1985-2013.;2019;Am J Ind Med;6;1
Moir W;Department of Medicine, Montefiore Medical Center, Bronx, New York;masculine;27582474;Post-9/11 cancer incidence in World Trade Center-exposed New York City firefighters as compared to a pooled cohort of firefighters from San Francisco, Chicago and Philadelphia (9/11/2001-2009).;2018;Am J Ind Med;12;1
Moisan F;Universit<U+00E9> de Bordeaux Segalen, Bordeaux, France;NA;25708859;French firefighter mortality: analysis over a 30-year period.;2015;Am J Ind Med;9;1
Monahan P;Indiana University School of Medicine, Indianapolis, Indiana;NA;30421827;Excess mortality among Indiana firefighters, 1985-2013.;2019;Am J Ind Med;6;1
Muegge C;Fairbanks School of Public Health at Indiana University Purdue University Indianapolis, Indianapolis, Indiana;feminine;30421827;Excess mortality among Indiana firefighters, 1985-2013.;2019;Am J Ind Med;6;1
Navarro;Environmental and Cancer Epidemiology Unit, National Center for Epidemiology, Carlos III Institute of Health, Sinesio Delgado 6, 28029 Madrid, Spain. bsuarez@isciii;feminine;17655745;Occupation and skin cancer: the results of the HELIOS-I multicenter case-control study.;2007;BMC Public Health;11;1
Newman B;Department of Epidemiology and Biostatistics, School of Rural Public Health, Texas A&amp;NA;11085395;Occupation and adult gliomas.;2000;Am J Epidemiol;8;1
Olshan A;Department of Epidemiology and Biostatistics, School of Rural Public Health, Texas A&amp;NA;11085395;Occupation and adult gliomas.;2000;Am J Epidemiol;8;2
Olshan A;Division of Cancer Epidemiology and Genetics, National Cancer Institute, Rockville, Maryland 20892, USA. barisd@mail.nih;NA;11333408;Cohort mortality study of Philadelphia firefighters.;2001;Am J Ind Med;6;2
Olsson A;The Institute of Environmental Medicine, Karolinska Institutet, Stockholm, Sweden (Drs Bigert, Gustavsson);feminine;27820764;Lung Cancer Among Firefighters: Smoking-Adjusted Risk Estimates in a Pooled Analysis of Case-Control Studies.;2018;J Occup Environ Med;45;1
Paget-Bailly S;Centre for Research in Epidemiology and Population Health, U1018, Villejuif, France;feminine;23969505;Occupation and head and neck cancer risk in men: results from the ICARE study, a French population-based case-control study.;2014;J Occup Environ Med;15;1
Papadopoulos A;Centre for Research in Epidemiology and Population Health, U1018, Villejuif, France;feminine;23969505;Occupation and head and neck cancer risk in men: results from the ICARE study, a French population-based case-control study.;2014;J Occup Environ Med;15;1
Pearce N;Institute of Environmental Science and Research Ltd., Kenepuru Science Centre, PO Box 50-348, Porirua, New Zealand. m_bates@uclink.berkeley;NA;11598972;Is testicular cancer an occupational disease of fire fighters?;2001;Am J Ind Med;6;2
Pearce N;The Institute of Environmental Medicine, Karolinska Institutet, Stockholm, Sweden (Drs Bigert, Gustavsson);NA;27820764;Lung Cancer Among Firefighters: Smoking-Adjusted Risk Estimates in a Pooled Analysis of Case-Control Studies.;2018;J Occup Environ Med;45;2
Pedersen J;The Danish Cancer Society Research Center, The Danish Cancer Society, Strandboulevarden 49, 2100, Copenhagen, Denmark;feminine;29808435;"Mortality in a cohort of Danish firefighters; 1970-2014.";2018;Int Arch Occup Environ Health;5;2
Pedersen J;Department of Occupational and Environmental Medicine, Copenhagen University Hospital Bispebjerg, Copenhagen, Denmark;feminine;29055884;Long-term follow-up for cancer incidence in a cohort of Danish firefighters.;2019;Occup Environ Med;5;2
Pesatori A;The Institute of Environmental Medicine, Karolinska Institutet, Stockholm, Sweden (Drs Bigert, Gustavsson);feminine;27820764;Lung Cancer Among Firefighters: Smoking-Adjusted Risk Estimates in a Pooled Analysis of Case-Control Studies.;2018;J Occup Environ Med;45;1
Pesch B;The Institute of Environmental Medicine, Karolinska Institutet, Stockholm, Sweden (Drs Bigert, Gustavsson);feminine;27820764;Lung Cancer Among Firefighters: Smoking-Adjusted Risk Estimates in a Pooled Analysis of Case-Control Studies.;2018;J Occup Environ Med;45;1
Peter A;Population Health and Prevention, Cancer Care Ontario, Toronto, Ontario, Canada;feminine;31091061;Prostate cancer risk by occupation in the Occupational Disease Surveillance System (ODSS) in Ontario, Canada.;2019;Health Promot Chronic Dis Prev Can;5;1
Peters P;Department of Sociology, University of New Brunswick, Fredericton, New Brunswick, Canada;NA;29493883;Prostate cancer surveillance by occupation and industry: the Canadian Census Health and Environment Cohort (CanCHEC).;2019;Cancer Med;8;2
Peters P;Department of Health Sciences, Carleton University, Toronto, Ontario, Canada;NA;30073696;Surveillance of cancer risks for firefighters, police, and armed forces among men in a Canadian census cohort.;2019;Am J Ind Med;6;2
Peters S;The Institute of Environmental Medicine, Karolinska Institutet, Stockholm, Sweden (Drs Bigert, Gustavsson);feminine;27820764;Lung Cancer Among Firefighters: Smoking-Adjusted Risk Estimates in a Pooled Analysis of Case-Control Studies.;2018;J Occup Environ Med;45;1
Petersen K;The Danish Cancer Society Research Center, The Danish Cancer Society, Strandboulevarden 49, 2100, Copenhagen, Denmark. kajpet@cancer;NA;29808435;"Mortality in a cohort of Danish firefighters; 1970-2014.";2018;Int Arch Occup Environ Health;5;1
Pilorget C;Centre for Research in Epidemiology and Population Health, U1018, Villejuif, France;feminine;23969505;Occupation and head and neck cancer risk in men: results from the ICARE study, a French population-based case-control study.;2014;J Occup Environ Med;15;1
Pinkerton L;Division of Surveillance, Hazard Evaluations, and Field Studies, National Institute for Occupational Safety and Health, Cincinnati, Ohio, USA;feminine;25673342;Exposure-response relationships for select cancer and non-cancer health outcomes in a cohort of U.S. firefighters from San Francisco, Chicago and Philadelphia (1950-2009).;2015;Occup Environ Med;11;3
Pinkerton L;Division of Surveillance, Hazard Evaluations, and Field Studies, National Institute for Occupational Safety and Health, Cincinnati, Ohio, USA;feminine;24142974;Mortality and cancer incidence in a pooled cohort of US firefighters from San Francisco, Chicago and Philadelphia (1950-2009).;2014;Occup Environ Med;10;3
Pinkerton L;Division of Surveillance, Hazard Evaluations, and Field Studies, National Institute for Occupational Safety and Health, Cincinnati, Ohio, USA;feminine;31896615;Mortality in a cohort of US firefighters from San Francisco, Chicago and Philadelphia: an update.;2020;Occup Environ Med;9;3
Pircher S;Department of Epidemiology &amp;feminine;28391245;Mortality and cancer incidence among male volunteer Australian firefighters.;2017;Occup Environ Med;5;4
Pircher S;Department of Epidemiology and Preventive Medicine, Monash University, Melbourne, Victoria, Australia;feminine;30674605;Mortality and cancer incidence among female Australian firefighters.;2020;Occup Environ Med;5;4
Pircher S;Department of Epidemiology &amp;NA;27456156;Mortality and cancer incidence in a cohort of male paid Australian firefighters.;2017;Occup Environ Med;5;4
Pircher S;Monash Centre for Occupational and Environmental Health (MonCOEH), School of Public Health &amp;NA;27371948;Mortality and cancer incidence at a fire training college.;2017;Occup Med (Lond);5;4
Pohlabeln H;The Institute of Environmental Medicine, Karolinska Institutet, Stockholm, Sweden (Drs Bigert, Gustavsson);masculine;27820764;Lung Cancer Among Firefighters: Smoking-Adjusted Risk Estimates in a Pooled Analysis of Case-Control Studies.;2018;J Occup Environ Med;45;1
Prezant D;Department of Medicine, Albert Einstein College of Medicine Montefiore Medical Center, Bronx, NY, USA;masculine;21890054;Early assessment of cancer outcomes in New York City firefighters after the 9/11 attacks: an observational cohort study.;2011;Lancet;12;5
Prezant D;Fire Department of the City of New York, Bureau of Health Services, Brooklyn, New York;masculine;32310290;Evaluation of Medical Surveillance and Incidence of Post-September 11, 2001, Thyroid Cancer in World Trade Center-Exposed Firefighters and Emergency Medical Service Workers.;2021;JAMA Intern Med;11;5
Prezant D;Bureau of Health Services, Fire Department of the City of New York, Brooklyn, New York;masculine;27582474;Post-9/11 cancer incidence in World Trade Center-exposed New York City firefighters as compared to a pooled cohort of firefighters from San Francisco, Chicago and Philadelphia (9/11/2001-2009).;2018;Am J Ind Med;12;5
Prezant D;Fire Department of the City of New York, Bureau of Health Services, Brooklyn, New York, USA Department of Pulmonary Medicine, Montefiore Medical Center, Bronx, New York, USA Department of Medicine, Pulmonary Division, Albert Einstein College of Medicine, Bronx, New York, USA;masculine;25876606;World Trade Center-related physical and mental health burden among New York City Fire Department emergency medical service workers.;2016;Occup Environ Med;11;5
Prezant D;Fire Department of the City of New York, Bureau of Health Services, Brooklyn, NY;masculine;26843681;Agreement Between Self-Reported and Confirmed Cancer Diagnoses in New York City Firefighters and EMS Workers, 2001-2011.;2016;Public Health Rep;9;5
Pukkala E;Finnish Cancer Registry, Institute for Statistical and Epidemiological Cancer Research, Helsinki, Finland;masculine;24510539;Cancer incidence among firefighters: 45 years of follow-up in five Nordic countries.;2014;Occup Environ Med;8;2
Pukkala E;Finnish Cancer Registry, Institute for Statistical and Epidemiological Cancer Research, Helsinki, Finland;masculine;29132062;Risk of early-onset prostate cancer associated with occupation in the Nordic countries.;2017;Eur J Cancer;14;2
Purdue M;Division of Cancer Epidemiology and Genetics, National Cancer Institute, Rockville, Maryland, USA;masculine;31896615;Mortality in a cohort of US firefighters from San Francisco, Chicago and Philadelphia: an update.;2020;Occup Environ Med;9;1
Rado<U+00EF> L;Centre for Research in Epidemiology and Population Health, U1018, Villejuif, France;feminine;23969505;Occupation and head and neck cancer risk in men: results from the ICARE study, a French population-based case-control study.;2014;J Occup Environ Med;15;1
Regidor E;CIBER Epidemiolog<U+00ED>a y Salud P<U+00FA>blica (CIBERESP), Planta, Madrid, Spain;masculine;32253442;Mortality Among Firefighters in Spain: 10 Years of Follow-up.;2021;Ann Work Expo Health;5;1
Richiardi L;The Institute of Environmental Medicine, Karolinska Institutet, Stockholm, Sweden (Drs Bigert, Gustavsson);masculine;27820764;Lung Cancer Among Firefighters: Smoking-Adjusted Risk Estimates in a Pooled Analysis of Case-Control Studies.;2018;J Occup Environ Med;45;1
Rohan T;Department of Medicine, Albert Einstein College of Medicine Montefiore Medical Center, Bronx, NY, USA;masculine;21890054;Early assessment of cancer outcomes in New York City firefighters after the 9/11 attacks: an observational cohort study.;2011;Lancet;12;1
Ronda E;Preventive Medicine and Public Health Area, University of Alicante, Alicante, Spain;feminine;32253442;Mortality Among Firefighters in Spain: 10 Years of Follow-up.;2021;Ann Work Expo Health;5;1
Rosso S;Environmental and Cancer Epidemiology Unit, National Center for Epidemiology, Carlos III Institute of Health, Sinesio Delgado 6, 28029 Madrid, Spain. bsuarez@isciii;masculine;17655745;Occupation and skin cancer: the results of the HELIOS-I multicenter case-control study.;2007;BMC Public Health;11;1
Rudnai P;The Institute of Environmental Medicine, Karolinska Institutet, Stockholm, Sweden (Drs Bigert, Gustavsson);masculine;27820764;Lung Cancer Among Firefighters: Smoking-Adjusted Risk Estimates in a Pooled Analysis of Case-Control Studies.;2018;J Occup Environ Med;45;1
Sancho-Garnier H;Environmental and Cancer Epidemiology Unit, National Center for Epidemiology, Carlos III Institute of Health, Sinesio Delgado 6, 28029 Madrid, Spain. bsuarez@isciii;NA;17655745;Occupation and skin cancer: the results of the HELIOS-I multicenter case-control study.;2007;BMC Public Health;11;1
Savitz D;Department of Epidemiology and Biostatistics, School of Rural Public Health, Texas A&amp;NA;11085395;Occupation and adult gliomas.;2000;Am J Epidemiol;8;1
Sch<U+00FC>z J;The Institute of Environmental Medicine, Karolinska Institutet, Stockholm, Sweden (Drs Bigert, Gustavsson);masculine;27820764;Lung Cancer Among Firefighters: Smoking-Adjusted Risk Estimates in a Pooled Analysis of Case-Control Studies.;2018;J Occup Environ Med;45;1
Schaefer Solle N;Sylvester Comprehensive Cancer Center, University of Miami Miller School of Medicine, Miami, FL, United States of America;feminine;31039169;Availability and accuracy of occupation in cancer registry data among Florida firefighters.;2020;PLoS One;8;1
Schmaus A;Centre for Research in Epidemiology and Population Health, U1018, Villejuif, France;feminine;23969505;Occupation and head and neck cancer risk in men: results from the ICARE study, a French population-based case-control study.;2014;J Occup Environ Med;15;1
Schraub S;Environmental and Cancer Epidemiology Unit, National Center for Epidemiology, Carlos III Institute of Health, Sinesio Delgado 6, 28029 Madrid, Spain. bsuarez@isciii;feminine;17655745;Occupation and skin cancer: the results of the HELIOS-I multicenter case-control study.;2007;BMC Public Health;11;1
Schumacher P;Division of Surveillance, Hazard Evaluations and Field Studies, National Institute for Occupational Safety and Health, Centers for Disease Control and Prevention, Cincinnati, Ohio;feminine;25943908;Risk of cancer among firefighters in California, 1988-2007.;2016;Am J Ind Med;6;1
Schwartz T;Fire Department of the City of New York, Bureau of Health Services, Brooklyn, New York;feminine;32310290;Evaluation of Medical Surveillance and Incidence of Post-September 11, 2001, Thyroid Cancer in World Trade Center-Exposed Firefighters and Emergency Medical Service Workers.;2021;JAMA Intern Med;11;5
Schwartz T;Fire Department of the City of New York, Bureau of Health Services, Brooklyn, NY;feminine;26843681;Agreement Between Self-Reported and Confirmed Cancer Diagnoses in New York City Firefighters and EMS Workers, 2001-2011.;2016;Public Health Rep;9;5
Schwartz T;Fire Department of the City of New York, Bureau of Health Services, Brooklyn, New York, USA Department of Medicine, Montefiore Medical Center, Bronx, New York, USA;feminine;25876606;World Trade Center-related physical and mental health burden among New York City Fire Department emergency medical service workers.;2016;Occup Environ Med;11;5
Schwartz T;Department of Medicine, Montefiore Medical Center, Bronx, New York;feminine;27582474;Post-9/11 cancer incidence in World Trade Center-exposed New York City firefighters as compared to a pooled cohort of firefighters from San Francisco, Chicago and Philadelphia (9/11/2001-2009).;2018;Am J Ind Med;12;5
Schwartz T;Department of Medicine, Albert Einstein College of Medicine Montefiore Medical Center, Bronx, NY, USA;feminine;21890054;Early assessment of cancer outcomes in New York City firefighters after the 9/11 attacks: an observational cohort study.;2011;Lancet;12;5
Selander J;Unit of Occupational Medicine, Institute of Environmental Medicine, Karolinska Institutet, Stockholm, Sweden;feminine;29164319;Cancer incidence in Stockholm firefighters 1958-2012: an updated cohort study.;2018;Int Arch Occup Environ Health;7;1
Siemiatycki J;The Institute of Environmental Medicine, Karolinska Institutet, Stockholm, Sweden (Drs Bigert, Gustavsson);masculine;27820764;Lung Cancer Among Firefighters: Smoking-Adjusted Risk Estimates in a Pooled Analysis of Case-Control Studies.;2018;J Occup Environ Med;45;1
Sim M;Department of Epidemiology and Preventive Medicine, Monash University, Melbourne, Victoria, Australia;masculine;30674605;Mortality and cancer incidence among female Australian firefighters.;2020;Occup Environ Med;5;4
Sim M;Department of Epidemiology &amp;masculine;27456156;Mortality and cancer incidence in a cohort of male paid Australian firefighters.;2017;Occup Environ Med;5;4
Sim M;Department of Epidemiology &amp;masculine;28391245;Mortality and cancer incidence among male volunteer Australian firefighters.;2017;Occup Environ Med;5;4
Sim M;Monash Centre for Occupational and Environmental Health (MonCOEH), School of Public Health &amp;masculine;27371948;Mortality and cancer incidence at a fire training college.;2017;Occup Med (Lond);5;4
Simonato L;The Institute of Environmental Medicine, Karolinska Institutet, Stockholm, Sweden (Drs Bigert, Gustavsson);masculine;27820764;Lung Cancer Among Firefighters: Smoking-Adjusted Risk Estimates in a Pooled Analysis of Case-Control Studies.;2018;J Occup Environ Med;45;1
Simone M;Universit<U+00E9> de Bordeaux Segalen, Bordeaux, France;NA;25708859;French firefighter mortality: analysis over a 30-year period.;2015;Am J Ind Med;9;1
Song Y;Fairbanks School of Public Health at Indiana University Purdue University Indianapolis, Indianapolis, Indiana;NA;30421827;Excess mortality among Indiana firefighters, 1985-2013.;2019;Am J Ind Med;6;1
Spar<U+00E8>n P;Department of Medical Epidemiology and Biostatistics, Karolinska Institutet, Stockholm, Sweden;NA;29132062;Risk of early-onset prostate cancer associated with occupation in the Nordic countries.;2017;Eur J Cancer;14;1
Spar<U+00E9>n P;Department of Medical Epidemiology and Biostatistics, Karolinska Institutet, Nobels v<U+00E4>g 12A, Solna, 171 77, Stockholm, Sweden;NA;31463517;Cancer incidence among Swedish firefighters: an extended follow-up of the NOCCA study.;2020;Int Arch Occup Environ Health;4;2
Spar<U+00E9>n P;Finnish Cancer Registry, Institute for Statistical and Epidemiological Cancer Research, Helsinki, Finland;NA;24510539;Cancer incidence among firefighters: 45 years of follow-up in five Nordic countries.;2014;Occup Environ Med;8;2
Sritharan J;Occupational Cancer Research Centre, Cancer Care Ontario, Toronto, Ontario, Canada;feminine;29493883;Prostate cancer surveillance by occupation and industry: the Canadian Census Health and Environment Cohort (CanCHEC).;2019;Cancer Med;8;2
Sritharan J;Occupational Cancer Research Centre, Cancer Care Ontario, Toronto, Ontario, Canada;feminine;31091061;Prostate cancer risk by occupation in the Occupational Disease Surveillance System (ODSS) in Ontario, Canada.;2019;Health Promot Chronic Dis Prev Can;5;2
St<U+00FC>cker I;Centre for Research in Epidemiology and Population Health, U1018, Villejuif, France;feminine;23969505;Occupation and head and neck cancer risk in men: results from the ICARE study, a French population-based case-control study.;2014;J Occup Environ Med;15;2
St<U+00FC>cker I;The Institute of Environmental Medicine, Karolinska Institutet, Stockholm, Sweden (Drs Bigert, Gustavsson);feminine;27820764;Lung Cancer Among Firefighters: Smoking-Adjusted Risk Estimates in a Pooled Analysis of Case-Control Studies.;2018;J Occup Environ Med;45;2
Stanescu Dumitru R;The Institute of Environmental Medicine, Karolinska Institutet, Stockholm, Sweden (Drs Bigert, Gustavsson);feminine;27820764;Lung Cancer Among Firefighters: Smoking-Adjusted Risk Estimates in a Pooled Analysis of Case-Control Studies.;2018;J Occup Environ Med;45;1
Stang A;Institute for Medical Informatics, Biometry and Epidemiology, University Hospital of Essen, Hufelandstr. Essen, Germany. andreas.stang@uni-essen;NA;12594776;Firefighting and risk of testicular cancer: results from a German population-based case-control study.;2003;Am J Ind Med;4;1
Straif K;The Institute of Environmental Medicine, Karolinska Institutet, Stockholm, Sweden (Drs Bigert, Gustavsson);masculine;27820764;Lung Cancer Among Firefighters: Smoking-Adjusted Risk Estimates in a Pooled Analysis of Case-Control Studies.;2018;J Occup Environ Med;45;1
Su<U+00E1>rez B;Environmental and Cancer Epidemiology Unit, National Center for Epidemiology, Carlos III Institute of Health, Sinesio Delgado 6, 28029 Madrid, Spain. bsuarez@isciii;NA;17655745;Occupation and skin cancer: the results of the HELIOS-I multicenter case-control study.;2007;BMC Public Health;11;1
Szeszenia-Dabrowska N;The Institute of Environmental Medicine, Karolinska Institutet, Stockholm, Sweden (Drs Bigert, Gustavsson);feminine;27820764;Lung Cancer Among Firefighters: Smoking-Adjusted Risk Estimates in a Pooled Analysis of Case-Control Studies.;2018;J Occup Environ Med;45;1
t Mannetje A;The Institute of Environmental Medicine, Karolinska Institutet, Stockholm, Sweden (Drs Bigert, Gustavsson);feminine;27820764;Lung Cancer Among Firefighters: Smoking-Adjusted Risk Estimates in a Pooled Analysis of Case-Control Studies.;2018;J Occup Environ Med;45;1
Taeger D;The Institute of Environmental Medicine, Karolinska Institutet, Stockholm, Sweden (Drs Bigert, Gustavsson);masculine;27820764;Lung Cancer Among Firefighters: Smoking-Adjusted Risk Estimates in a Pooled Analysis of Case-Control Studies.;2018;J Occup Environ Med;45;1
Tard<U+00F3>n A;The Institute of Environmental Medicine, Karolinska Institutet, Stockholm, Sweden (Drs Bigert, Gustavsson);feminine;27820764;Lung Cancer Among Firefighters: Smoking-Adjusted Risk Estimates in a Pooled Analysis of Case-Control Studies.;2018;J Occup Environ Med;45;1
Telles J;Division of Cancer Epidemiology and Genetics, National Cancer Institute, Rockville, Maryland 20892, USA. barisd@mail.nih;NA;11333408;Cohort mortality study of Philadelphia firefighters.;2001;Am J Ind Med;6;1
Tjepkema M;Statistics Canada, Health Analysis Division, Toronto, Ontario, Canada;masculine;30073696;Surveillance of cancer risks for firefighters, police, and armed forces among men in a Canadian census cohort.;2019;Am J Ind Med;6;2
Tjepkema M;Health Analysis Division, Statistics Canada, Ottawa, Ontario, Canada;masculine;29493883;Prostate cancer surveillance by occupation and industry: the Canadian Census Health and Environment Cohort (CanCHEC).;2019;Cancer Med;8;2
Tormo M;Environmental and Cancer Epidemiology Unit, National Center for Epidemiology, Carlos III Institute of Health, Sinesio Delgado 6, 28029 Madrid, Spain. bsuarez@isciii;feminine;17655745;Occupation and skin cancer: the results of the HELIOS-I multicenter case-control study.;2007;BMC Public Health;11;1
Tornling G;Respiratory Medicine Unit, Department of Medicine Solna and CMM, Karolinska Institutet and Karolinska University Hospital, Solna, Sweden;NA;29164319;Cancer incidence in Stockholm firefighters 1958-2012: an updated cohort study.;2018;Int Arch Occup Environ Health;7;1
Trapido E;Department of Dermatology and Cutaneous Surgery, University of Miami School of Medicine, Miami, Florida, USA. fma@med.miami;masculine;15898094;Mortality in Florida professional firefighters, 1972 to 1999.;2005;Am J Ind Med;7;2
Trapido E;Department of Dermatology and Cutaneous Surgery, University of Miami School of Medicine, Miami, Florida, USA. fma@med.miami;masculine;16966954;Cancer incidence in Florida professional firefighters, 1981 to 1999.;2006;J Occup Environ Med;5;2
Trpeski L;Medical and Occupational Disease Policy Branch, Workplace Safety and Insurance Board, 200 Front Street West, Toronto, Ontario, Canada. reimar_gaertner@wsib;feminine;15801485;A case-control study of occupational risk factors for bladder cancer in Canada.;2005;Cancer Causes Control;3;1
Tryggvadottir L;Icelandic Cancer Registry, Icelandic Cancer Society, Reykjavik, Iceland;NA;29132062;Risk of early-onset prostate cancer associated with occupation in the Nordic countries.;2017;Eur J Cancer;14;2
Tryggvadottir L;Finnish Cancer Registry, Institute for Statistical and Epidemiological Cancer Research, Helsinki, Finland;NA;24510539;Cancer incidence among firefighters: 45 years of follow-up in five Nordic countries.;2014;Occup Environ Med;8;2
Tsai R;Division of Surveillance, Hazard Evaluations and Field Studies, National Institute for Occupational Safety and Health, Centers for Disease Control and Prevention, Cincinnati, Ohio;feminine;25943908;Risk of cancer among firefighters in California, 1988-2007.;2016;Am J Ind Med;6;1
Tse L;The Institute of Environmental Medicine, Karolinska Institutet, Stockholm, Sweden (Drs Bigert, Gustavsson);NA;27820764;Lung Cancer Among Firefighters: Smoking-Adjusted Risk Estimates in a Pooled Analysis of Case-Control Studies.;2018;J Occup Environ Med;45;1
van den Brandt P;Department of Epidemiology, Maastricht University, Maastricht, The Netherlands. mpa.zeegers@epid.unimaas;NA;15091290;A prospective study of occupation and prostate cancer risk.;2004;J Occup Environ Med;4;1
Vander Hoorn S;Statistical Consulting Centre, The University of Melbourne, Victoria, Australia;NA;28391245;Mortality and cancer incidence among male volunteer Australian firefighters.;2017;Occup Environ Med;5;3
Vander Hoorn S;Statistical Consulting Centre, The University of Melbourne, Melbourne, Victoria, Australia;NA;30674605;Mortality and cancer incidence among female Australian firefighters.;2020;Occup Environ Med;5;3
Vander Hoorn S;Statistical Consulting Centre, Room 109, Level 1 Richard Berry Building, The University of Melbourne, Parkville, Victoria 3010, Australia;NA;27371948;Mortality and cancer incidence at a fire training college.;2017;Occup Med (Lond);5;3
Velten M;Centre for Research in Epidemiology and Population Health, U1018, Villejuif, France;masculine;23969505;Occupation and head and neck cancer risk in men: results from the ICARE study, a French population-based case-control study.;2014;J Occup Environ Med;15;1
Vermeulen R;The Institute of Environmental Medicine, Karolinska Institutet, Stockholm, Sweden (Drs Bigert, Gustavsson);masculine;27820764;Lung Cancer Among Firefighters: Smoking-Adjusted Risk Estimates in a Pooled Analysis of Case-Control Studies.;2018;J Occup Environ Med;45;1
Vossbrinck M;Fire Department of the City of New York, Bureau of Health Services, Brooklyn, New York, USA Department of Medicine, Montefiore Medical Center, Bronx, New York, USA;feminine;25876606;World Trade Center-related physical and mental health burden among New York City Fire Department emergency medical service workers.;2016;Occup Environ Med;11;2
Vossbrinck M;Department of Medicine, Montefiore Medical Center, Bronx, New York;feminine;27582474;Post-9/11 cancer incidence in World Trade Center-exposed New York City firefighters as compared to a pooled cohort of firefighters from San Francisco, Chicago and Philadelphia (9/11/2001-2009).;2018;Am J Ind Med;12;2
Waters K;Division of Surveillance, Hazard Evaluations, and Field Studies, National Institute for Occupational Safety and Health, Cincinnati, Ohio, USA;feminine;25673342;Exposure-response relationships for select cancer and non-cancer health outcomes in a cohort of U.S. firefighters from San Francisco, Chicago and Philadelphia (1950-2009).;2015;Occup Environ Med;11;2
Waters K;Division of Surveillance, Hazard Evaluations, and Field Studies, National Institute for Occupational Safety and Health, Cincinnati, Ohio, USA;feminine;24142974;Mortality and cancer incidence in a pooled cohort of US firefighters from San Francisco, Chicago and Philadelphia (1950-2009).;2014;Occup Environ Med;10;2
Weakley J;Department of Medicine, Albert Einstein College of Medicine Montefiore Medical Center, Bronx, NY, USA;feminine;21890054;Early assessment of cancer outcomes in New York City firefighters after the 9/11 attacks: an observational cohort study.;2011;Lancet;12;2
Weakley J;Fire Department of the City of New York, Bureau of Health Services, Brooklyn, New York, USA Department of Medicine, Montefiore Medical Center, Bronx, New York, USA;feminine;25876606;World Trade Center-related physical and mental health burden among New York City Fire Department emergency medical service workers.;2016;Occup Environ Med;11;2
Webber M;Fire Department of the City of New York, Bureau of Health Services, Brooklyn, NY;feminine;26843681;Agreement Between Self-Reported and Confirmed Cancer Diagnoses in New York City Firefighters and EMS Workers, 2001-2011.;2016;Public Health Rep;9;5
Webber M;Bureau of Health Services, Fire Department of the City of New York, Brooklyn, New York;feminine;27582474;Post-9/11 cancer incidence in World Trade Center-exposed New York City firefighters as compared to a pooled cohort of firefighters from San Francisco, Chicago and Philadelphia (9/11/2001-2009).;2018;Am J Ind Med;12;5
Webber M;Department of Medicine, Albert Einstein College of Medicine Montefiore Medical Center, Bronx, NY, USA;feminine;21890054;Early assessment of cancer outcomes in New York City firefighters after the 9/11 attacks: an observational cohort study.;2011;Lancet;12;5
Webber M;Fire Department of the City of New York, Bureau of Health Services, Brooklyn, New York;feminine;32310290;Evaluation of Medical Surveillance and Incidence of Post-September 11, 2001, Thyroid Cancer in World Trade Center-Exposed Firefighters and Emergency Medical Service Workers.;2021;JAMA Intern Med;11;5
Webber M;Fire Department of the City of New York, Bureau of Health Services, Brooklyn, New York, USA Department of Epidemiology and Population Health, Montefiore Medical Center, Bronx, New York, USA Department of Epidemiology and Population Health, Albert Einstein College of Medicine, Bronx, New York, USA;feminine;25876606;World Trade Center-related physical and mental health burden among New York City Fire Department emergency medical service workers.;2016;Occup Environ Med;11;5
Wechsler J;Environmental and Cancer Epidemiology Unit, National Center for Epidemiology, Carlos III Institute of Health, Sinesio Delgado 6, 28029 Madrid, Spain. bsuarez@isciii;feminine;17655745;Occupation and skin cancer: the results of the HELIOS-I multicenter case-control study.;2007;BMC Public Health;11;1
Weiderpass E;Department of Research, Cancer Registry of Norway - Institute of Population-Based Cancer Research, Oslo, Norway;feminine;29132062;Risk of early-onset prostate cancer associated with occupation in the Nordic countries.;2017;Eur J Cancer;14;2
Weiderpass E;Finnish Cancer Registry, Institute for Statistical and Epidemiological Cancer Research, Helsinki, Finland;feminine;24510539;Cancer incidence among firefighters: 45 years of follow-up in five Nordic countries.;2014;Occup Environ Med;8;2
Wessel J;Fairbanks School of Public Health at Indiana University Purdue University Indianapolis, Indianapolis, Indiana;feminine;30421827;Excess mortality among Indiana firefighters, 1985-2013.;2019;Am J Ind Med;6;1
Wichmann H;The Institute of Environmental Medicine, Karolinska Institutet, Stockholm, Sweden (Drs Bigert, Gustavsson);masculine;27820764;Lung Cancer Among Firefighters: Smoking-Adjusted Risk Estimates in a Pooled Analysis of Case-Control Studies.;2018;J Occup Environ Med;45;1
Woodward A;Institute of Environmental Science and Research Ltd., Kenepuru Science Centre, PO Box 50-348, Porirua, New Zealand. m_bates@uclink.berkeley;NA;11598972;Is testicular cancer an occupational disease of fire fighters?;2001;Am J Ind Med;6;1
Wrensch M;Department of Epidemiology and Biostatistics, School of Rural Public Health, Texas A&amp;NA;11085395;Occupation and adult gliomas.;2000;Am J Epidemiol;8;2
Wrensch M;Touro University College of Osteopathic Medicine, Vallejo, California 94102, USA;feminine;12802217;Occupation and adult gliomas in the San Francisco Bay Area.;2003;J Occup Environ Med;6;2
Yiin J;Division of Surveillance, Hazard Evaluations, and Field Studies, National Institute for Occupational Safety and Health, Cincinnati, Ohio;masculine;27582474;Post-9/11 cancer incidence in World Trade Center-exposed New York City firefighters as compared to a pooled cohort of firefighters from San Francisco, Chicago and Philadelphia (9/11/2001-2009).;2018;Am J Ind Med;12;4
Yiin J;Division of Surveillance, Hazard Evaluations, and Field Studies, National Institute for Occupational Safety and Health, Cincinnati, Ohio, USA;masculine;24142974;Mortality and cancer incidence in a pooled cohort of US firefighters from San Francisco, Chicago and Philadelphia (1950-2009).;2014;Occup Environ Med;10;4
Yiin J;Division of Surveillance, Hazard Evaluations, and Field Studies, National Institute for Occupational Safety and Health, Cincinnati, Ohio, USA jyiin@cdc;masculine;31896615;Mortality in a cohort of US firefighters from San Francisco, Chicago and Philadelphia: an update.;2020;Occup Environ Med;9;4
Yiin J;Division of Surveillance, Hazard Evaluations, and Field Studies, National Institute for Occupational Safety and Health, Cincinnati, Ohio, USA;masculine;25673342;Exposure-response relationships for select cancer and non-cancer health outcomes in a cohort of U.S. firefighters from San Francisco, Chicago and Philadelphia (1950-2009).;2015;Occup Environ Med;11;4
Yip J;Fire Department of the City of New York, Bureau of Health Services, Brooklyn, New York, USA Department of Medicine, Montefiore Medical Center, Bronx, New York, USA;feminine;25876606;World Trade Center-related physical and mental health burden among New York City Fire Department emergency medical service workers.;2016;Occup Environ Med;11;1
Yost M;Department of Epidemiology and Biostatistics, School of Rural Public Health, Texas A&amp;NA;11085395;Occupation and adult gliomas.;2000;Am J Epidemiol;8;1
Yu I;The Institute of Environmental Medicine, Karolinska Institutet, Stockholm, Sweden (Drs Bigert, Gustavsson);NA;27820764;Lung Cancer Among Firefighters: Smoking-Adjusted Risk Estimates in a Pooled Analysis of Case-Control Studies.;2018;J Occup Environ Med;45;1
Zahm S;Division of Cancer Epidemiology and Genetics, National Cancer Institute, Rockville, Maryland 20892, USA. barisd@mail.nih;feminine;11333408;Cohort mortality study of Philadelphia firefighters.;2001;Am J Ind Med;6;3
Zahm S;Division of Cancer Epidemiology and Genetics, National Cancer Institute, Gaithersburg, Maryland, USA;feminine;25673342;Exposure-response relationships for select cancer and non-cancer health outcomes in a cohort of U.S. firefighters from San Francisco, Chicago and Philadelphia (1950-2009).;2015;Occup Environ Med;11;3
Zahm S;Division of Surveillance, Hazard Evaluations, and Field Studies, National Institute for Occupational Safety and Health, Cincinnati, Ohio, USA;feminine;24142974;Mortality and cancer incidence in a pooled cohort of US firefighters from San Francisco, Chicago and Philadelphia (1950-2009).;2014;Occup Environ Med;10;3
Zanetti R;Environmental and Cancer Epidemiology Unit, National Center for Epidemiology, Carlos III Institute of Health, Sinesio Delgado 6, 28029 Madrid, Spain. bsuarez@isciii;masculine;17655745;Occupation and skin cancer: the results of the HELIOS-I multicenter case-control study.;2007;BMC Public Health;11;1
Zaridze D;The Institute of Environmental Medicine, Karolinska Institutet, Stockholm, Sweden (Drs Bigert, Gustavsson);masculine;27820764;Lung Cancer Among Firefighters: Smoking-Adjusted Risk Estimates in a Pooled Analysis of Case-Control Studies.;2018;J Occup Environ Med;45;1
Zeegers M;Department of Epidemiology, Maastricht University, Maastricht, The Netherlands. mpa.zeegers@epid.unimaas;masculine;15091290;A prospective study of occupation and prostate cancer risk.;2004;J Occup Environ Med;4;1
Zeig-Owens R;Montefiore Medical Center, Department of Medicine, Bronx, NY;feminine;26843681;Agreement Between Self-Reported and Confirmed Cancer Diagnoses in New York City Firefighters and EMS Workers, 2001-2011.;2016;Public Health Rep;9;5
Zeig-Owens R;Department of Medicine, Albert Einstein College of Medicine Montefiore Medical Center, Bronx, NY, USA;feminine;21890054;Early assessment of cancer outcomes in New York City firefighters after the 9/11 attacks: an observational cohort study.;2011;Lancet;12;5
Zeig-Owens R;Department of Medicine, Montefiore Medical Center, Bronx, New York;feminine;27582474;Post-9/11 cancer incidence in World Trade Center-exposed New York City firefighters as compared to a pooled cohort of firefighters from San Francisco, Chicago and Philadelphia (9/11/2001-2009).;2018;Am J Ind Med;12;5
Zeig-Owens R;Fire Department of the City of New York, Bureau of Health Services, Brooklyn, New York, USA Department of Medicine, Montefiore Medical Center, Bronx, New York, USA;feminine;25876606;World Trade Center-related physical and mental health burden among New York City Fire Department emergency medical service workers.;2016;Occup Environ Med;11;5
Zeig-Owens R;Fire Department of the City of New York, Bureau of Health Services, Brooklyn, New York;feminine;32310290;Evaluation of Medical Surveillance and Incidence of Post-September 11, 2001, Thyroid Cancer in World Trade Center-Exposed Firefighters and Emergency Medical Service Workers.;2021;JAMA Intern Med;11;5
Zhao G;Preventive Medicine and Public Health Area, University of Alicante, Alicante, Spain;NA;32253442;Mortality Among Firefighters in Spain: 10 Years of Follow-up.;2021;Ann Work Expo Health;5;1
Zollinger T;Fairbanks School of Public Health at Indiana University Purdue University Indianapolis, Indianapolis, Indiana;NA;30421827;Excess mortality among Indiana firefighters, 1985-2013.;2019;Am J Ind Med;6;1